HDUS_975.84;!No match on title database!
SC4_OFF.ELF;!No match on title database!
SCES_503.61;Jak and Daxter - The Precursor Legacy
SCES_504.09;MotoGP 2
SCES_507.60;Ico
SCES_508.78;Tekken 4
SCES_509.16;Ratchet & Clank
SCES_509.17;Sly Racoon
SCES_509.59;Disney's Stitch - Experiment 626
SCES_509.82;Moto GP 3
SCES_511.64;Mark of Kri, The
SCES_514.28;Shinobi
SCES_516.08;Jak & Daxter 2 - Renegade
SCES_525.29;Sly Racoon 2 - Band of Thieves
SCES_525.86;Death by Degrees
SCES_528.92;Moto GP 4
SCES_532.02;Tekken 5
SCES_534.09;Sly 3
SCES_538.51;Forbidden Siren 2
SCPS_150.87;Bleach - Erabareshi Tamashi
SCPS_151.16;Bleach - Blade Battles
SCPS_151.19;Bleach - Blade Battles 2nd
SCUS_971.01;Twisted Metal - Black
SCUS_971.04;ATV Off-Road Fury
SCUS_971.08;Cool Boarders 2001
SCUS_971.11;Dark Cloud
SCUS_971.12;Extermination
SCUS_971.24;Jak and Daxter - The Precursor Legacy
SCUS_971.25;Frequency
SCUS_971.28;Drakan - The Ancients' Gates
SCUS_971.29;Okage - Shadow King
SCUS_971.32;Kinetica
SCUS_971.40;Mark of Kri, The
SCUS_971.46;Disney's Treasure Planet
SCUS_971.67;PaRappa the Rapper 2
SCUS_971.77;Downhill Domination
SCUS_971.97;War of the Monsters
SCUS_971.98;Sly Cooper and the Thievius Raccoonus
SCUS_971.99;Ratchet & Clank
SCUS_972.03;Wild ARMs 3
SCUS_972.11;ATV Off-Road Fury 2
SCUS_972.13;Dark Cloud 2
SCUS_972.31;Arc the Lad - Twighlight of the Spirits
SCUS_972.58;Amplitude
SCUS_972.64;Syphon Filter - The Omega Strain
SCUS_972.65;Jak II
SCUS_972.68;Ratchet & Clank - Going Commando
SCUS_972.75;SOCOM II - U.S. Navy SEALs
SCUS_973.16;Sly 2 - Band of Thieves
SCUS_973.30;Jak 3
SCUS_973.53;Ratchet and Clank - Up Your Arsenal
SCUS_973.55;Siren
SCUS_973.62;Syphon Filter - Dark Mirror
SCUS_973.99;God of War
SCUS_974.16;Rise of the Kasai
SCUS_974.64;Sly 3 - Honor Amongst Thieves
SCUS_974.65;Ratchet - Deadlocked
SCUS_974.71;Genji - Dawn of the Samurai
SCUS_974.81;God of War II
SCUS_974.90;Rogue Galaxy
SCUS_976.21;Twisted Metal - Head-On [Extra Twisted Edition]
SLES_500.44;Rayman Revolution
SLES_500.72;Street Fighter EX3
SLES_501.09;7 Blades
SLES_501.83;Wacky Races
SLES_501.85;Alone in the Dark 4
SLES_502.01;Evil Twin - Cyprien's Chronicles
SLES_502.10;XG3 - Extreme-G Racing
SLES_502.11;Gauntlet - Dark Legacy
SLES_502.68;SpyHunter
SLES_503.30;Grand Theft Auto III
SLES_503.35;Rune - Viking Warlord
SLES_503.66;Star Wars - Racer Revenge
SLES_504.86;Splashdown
SLES_504.87;Space Race
SLES_505.41;Capcom vs SNK 2 - Mark of the Millennium
SLES_506.39;Everblue
SLES_507.03;Maximo
SLES_507.54;Simpsons Skateboarding
SLES_508.12;Spider-Man
SLES_508.80;BMX XXX
SLES_509.06;Master Rally
SLES_509.19;Akira Psycho Ball
SLES_509.35;Circus Maximus - Chariot Wars
SLES_509.87;Scorpion King, The - Rise of an Akkadian
SLES_510.11;Knight Rider - The Game
SLES_510.44;Burnout 2 - Point of Impact
SLES_510.54;Midnight Club 2
SLES_510.61;Grand Theft Auto - Vice City
SLES_511.13;Zone of the Enders - The 2nd Runner
SLES_511.25;Sega Soccer Slam
SLES_511.53;LEGO Island - Extreme Stunts
SLES_512.32;Virtua Tennis 2
SLES_512.35;Raging Blades
SLES_512.36;Gungrave
SLES_512.50;Shox - Rally Reinvented
SLES_513.02;Bomberman Kart
SLES_513.50;Ben Hur
SLES_514.92;Pro Beach Soccer
SLES_515.54;Cell Damage Overdrive
SLES_515.57;Broken Sword - The Sleeping Dragon
SLES_516.36;XGRA - Extreme G Racing Association
SLES_517.59;Maximo vs Army of Zin
SLES_517.87;Harry Potter - Quidditch World Cup
SLES_518.56;Monster Attack
SLES_518.97;Simpsons, The - Hit & Run
SLES_519.11;Gadget Racers
SLES_519.13;Onimusha Blade Warrior
SLES_519.14;Onimusha 3 - Demon Siege
SLES_519.33;Gregory Horror Show
SLES_519.67;Need for Speed - Underground
SLES_520.11;Tak and The Power of Juju
SLES_520.55;Harry Potter and the Philosopher's Stone
SLES_521.09;Underworld - The Eternal War
SLES_521.18;Castlevania - Lament of Innocence
SLES_521.79;Kaan Barbarian Blade
SLES_524.40;Harry Potter and the Prisoner of Azkaban
SLES_524.44;Hyper Street Fighter II - The Anniversary Edition
SLES_524.48;Knights of the Temple
SLES_524.51;Conan - The Dark Axe
SLES_524.95;Bujingai - Swordmaster
SLES_525.21;Adibou & Les Voleurs d'Energie
SLES_525.34;Crimson Tears
SLES_525.41;Grand Theft Auto - San Andreas
SLES_526.36;Colin McRae Rally 2005
SLES_527.31;One Piece - Round the Land
SLES_528.36;Knight Rider 2
SLES_528.76;King of Fighters 2000-2001
SLES_528.95;Spongebob Squarepants - The Movie
SLES_528.98;King of Fighters - Maximum Impact
SLES_529.64;Nanobreaker
SLES_530.24;Altered Beast
SLES_530.35;Masters of the Universe - He-Man - Defender of Greyskull
SLES_530.36;Tak 2 - The Stuff of Dreams
SLES_530.65;SNK vs Capcom - SVC Chaos
SLES_530.96;Worms 4 - Mayhem
SLES_531.55;Star Wars - Episode III - Revenge of the Sith
SLES_531.94;LEGO Star Wars
SLES_531.96;Destroy All Humans!
SLES_532.01;Saint Seiya Chapter Sanctuary
SLES_532.34;Samurai Western
SLES_533.80;Metal Slug 4
SLES_533.93;Spartan Total Warrior
SLES_534.03;Demolition Girl
SLES_534.11;Kuon
SLES_534.38;Taito Legends
SLES_534.61;Sega Classics Collection
SLES_534.81;Ten
SLES_535.04;Agent Hugo
SLES_535.48;Yokushin - Giga Wing Generations
SLES_536.45;Knights of the Temple II
SLES_536.46;World Racing 2
SLES_536.67;Gauntlet - Seven Sorrows
SLES_536.95;Tak - The Great Juju Challenge
SLES_537.55;Castlevania - Curse of Darkness
SLES_537.68;Sword of Etheria, The
SLES_538.69;Crazy Frog Racer
SLES_539.59;Pac-Man World 3
SLES_539.98;OutRun 2006 - Coast 2 Coast
SLES_541.14;Kingdom Hearts II
SLES_541.35;Grand Theft Auto - Liberty City Stories
SLES_541.61;Super DragonBall Z
SLES_541.62;Saint Seiya - Le Chevaliers du Zodiaque Hades
SLES_541.88;Avatar - The Legend of Aang
SLES_542.12;Agent Hugo - Roborumble
SLES_542.21;LEGO Star Wars II - The Original Trilogy
SLES_542.55;King of Fighters - Maximum Impact 2
SLES_543.06;Cartoon Network Racing
SLES_544.23;Justice League Heroes
SLES_544.39;Okami
SLES_544.64;Global Defence Force
SLES_544.76;Buccaneer
SLES_544.78;TMNT
SLES_544.90;God Hand
SLES_545.41;Xena - Warrior Princess
SLES_545.49;Crazy Frog Racer 2
SLES_545.61;Capcom Classics Collection Volume 2
SLES_546.17;Action Man A.T.O.M. - Alpha Teens on Machines
SLES_546.22;Grand Theft Auto - Vice City Stories
SLES_546.66;Mr. Bean
SLES_546.70;Wacky Races - Mad Motors
SLES_547.24;Spider-Man 3
SLES_549.01;Spider-Man - Friend or Foe
SLES_549.18;Agent Hugo - Lemoon Twist
SLES_549.31;Looney Tunes - Acme Arsenal
SLES_549.59;MotoGP 07
SLES_550.05;Need for Speed - ProStreet
SLES_551.35;LEGO Batman - The Videogame
SLES_552.66;MotoGP 08
SLES_552.92;Samurai Shodown Anthology
SLES_553.53;!No match on title database!
SLES_553.65;Agent Hugo - Hula Holiday
SLES_553.76;Tak and the Guardians of Gross
SLES_553.80;Sonic Unleashed
SLES_820.05;Summoner
SLES_820.38;Onimusha - Dawn of Dreams
SLES_820.39;Onimusha - Dawn of Dreams
SLPM_622.91;Bomberman Land 2
SLPM_623.66;Sega Ages 2500 Series Vol.03 - Fantasy Zone
SLPM_623.84;Sega Ages 2500 Series Vol.04 - Space Harrier
SLPM_623.85;Sega Ages 2500 Series Vol.05 - Golden Axe
SLPM_624.43;Sega Ages 2500 Series Vol.08 - Virtua Racing
SLPM_624.45;Sega Ages 2500 Series Vol.09 - Gain Ground
SLPM_624.46;Sega Ages 2500 Series Vol.10 - Afterburner II
SLPM_624.47;Sega Ages 2500 Series Vol.13 - Outrun
SLPM_624.78;Bomberman Kart DX
SLPM_625.00;Sega Ages 2500 Series Vol.14 - Alien Syndrome
SLPM_625.47;Sega Ages 2500 Series Vol.16 - Virtua Fighter 2
SLPM_626.43;Bomberman Land 3
SLPM_626.87;Sega Ages 2500 Series Vol.24 - Last Bronx
SLPM_627.17;Sega Ages 2500 Series Vol.26 - Dynamite Deka
SLPM_627.18;Sega Ages 2500 Series Vol.27 - Panzer Dragoon
SLPM_627.67;Sega Ages 2500 Vol.31 - Dennou Senki Virtual On
SLPM_652.18;Bomberman Jetters
SLPM_654.07;Transformers Tatakai
SLPM_654.78;Final Fantasy X-2 International
SLPM_655.55;Dragon Quest V - Bride of the Sky
SLPM_656.88;Berserk
SLPM_659.73;Mirai Shounen Conan
SLPM_662.05;Front Mission 5 - Scars of the War
SLPM_664.47;Sengoku Basara 2
SLPM_665.51;Appleseed EX
SLPM_667.50;Final Fantasy XII International - Zodiac Job System [with Bonus DVD]
SLPM_668.48;Sengoku Basara 2 Heroes
SLPS_204.63;Ougon Kishi Garo
SLPS_250.88;Final Fantasy X International
SLPS_252.17;Shadow Tower Abyss
SLPS_253.15;One Piece - Grand Battle 3
SLPS_255.05;Namco X Capcom
SLPS_255.45;Fighting for One Piece
SLPS_256.36;King of Fighters, The - Maximum Impact
SLPS_256.50;Metal Slug 3D
SLPS_256.76;Kinnikuman Muscle Grand Prix Max
SLPS_256.85;Rurouni Kenshin - Enjou! Kyoto Rinne
SLPS_256.91;Captain Tsubasa
SLPS_257.65;King of Fighters, The - Maximum Impact Regulation A
SLUS_200.01;Tekken Tag Tournament
SLUS_200.02;Ridge Racer V
SLUS_200.04;Army Men - Air Attack 2
SLUS_200.13;Tony Hawk's Pro Skater 3
SLUS_200.14;Armored Core 2
SLUS_200.15;Eternal Ring
SLUS_200.16;Evergrace
SLUS_200.17;Maximo - Ghosts to Glory [Beta]
SLUS_200.21;Kengo - Master of Bushido
SLUS_200.24;Legacy of Kain - Blood Omen 2
SLUS_200.35;Baldur's Gate - Dark Alliance
SLUS_200.47;Gauntlet - Dark Legacy
SLUS_200.54;Ready 2 Rumble Boxing - Round 2
SLUS_200.56;Spy Hunter
SLUS_200.58;Moto GP
SLUS_200.62;Grand Theft Auto III
SLUS_200.64;Oni
SLUS_200.65;Smuggler's Run
SLUS_200.66;Half-Life
SLUS_200.69;Bouncer
SLUS_200.71;Dead or Alive 2
SLUS_200.76;Disney's Tarzan Untamed
SLUS_200.77;Donald Duck Goin' Quackers
SLUS_200.79;Dynasty Warriors 2
SLUS_200.80;GunGriffon Blaze
SLUS_200.84;Soldier of Fortune - Gold Edition
SLUS_200.85;Silpheed Lost Planet
SLUS_200.87;Army Men - Green Rogue
SLUS_201.05;MDK 2 - Armageddon
SLUS_201.30;Street Fighter EX3
SLUS_201.31;Dark Angel - Vampire Apocalypse
SLUS_201.32;Army Men - Sarge's Heroes 2
SLUS_201.34;Sky Odyssey
SLUS_201.36;Barbarian
SLUS_201.38;Rayman 2 - Revolution
SLUS_201.45;Ring of Red
SLUS_201.46;Shadow of Destiny
SLUS_201.47;Aliens vs Predator - Extinction
SLUS_201.48;Zone of the Enders
SLUS_201.49;Tribes - Aerial Assault
SLUS_201.51;Klonoa 2 - Lunatea's Veil
SLUS_201.52;Ace Combat 4 - Shattered Skies
SLUS_201.59;Dave Mirra Freestyle BMX 2
SLUS_201.60;Winback - Covert Operations
SLUS_201.62;Aqua Aqua
SLUS_201.65;Legacy of Kain - Soul Reaver 2
SLUS_201.70;Adventures of Cookie & Cream, The
SLUS_201.74;Rumble Racing
SLUS_201.77;Test Drive - Off-Road - Wide Open
SLUS_201.78;Giants - Citizen Kabuto
SLUS_201.82;Stretch Panic
SLUS_201.84;Resident Evil - CODE Veronica X
SLUS_201.90;Monster Rancher 3
SLUS_201.91;Defender
SLUS_201.94;Grandia II
SLUS_202.02;Crazy Taxi
SLUS_202.04;Smuggler's Run 2 - Hostile Territory
SLUS_202.06;Army Men - RTS
SLUS_202.16;Devil May Cry
SLUS_202.19;Time Crisis II
SLUS_202.21;Vampire Night
SLUS_202.25;Gadget Racers
SLUS_202.26;Batman - Vengeance
SLUS_202.28;Silent Hill 2
SLUS_202.30;Max Payne
SLUS_202.31;Herdy Gerdy
SLUS_202.38;Crash Bandicoot - The Wrath of Cortex
SLUS_202.44;RoboTech BattleCry
SLUS_202.49;Armored Core 2 - Another Age
SLUS_202.50;Stuntman
SLUS_202.51;Harvest Moon - Save the Homeland
SLUS_202.53;Mummy Returns, The
SLUS_202.59;Wizadry - Tale of the Forsaken
SLUS_202.67;.hack//Part 1 - Infection
SLUS_202.74;City Crisis
SLUS_202.75;Kessen 2
SLUS_202.91;!No match on title database!
SLUS_202.93;Star Wars - Jedi Starfighter
SLUS_202.94;Gitaroo Man
SLUS_202.96;Kao the Kangaroo - Round 2
SLUS_202.97;Return to Castle Wolfenstein - Operation Resurrection
SLUS_203.00;Dark Summit
SLUS_203.02;Extreme-G Racing - XG3
SLUS_203.05;Simpsons, The - Road Rage
SLUS_203.06;Contra - Shattered Soldier
SLUS_203.07;Burnout
SLUS_203.09;Jade Cocoon 2
SLUS_203.13;Wave Rally
SLUS_203.14;TimeSplitters 2
SLUS_203.18;King's Field IV
SLUS_203.27;Aggressive Inline
SLUS_203.28;Tekken 4
SLUS_203.33;Turok - Evolution
SLUS_203.36;Spider-Man - The Movie
SLUS_203.37;X-Men - Wolverines Revenge
SLUS_203.44;Rez
SLUS_203.46;AirBlade
SLUS_203.47;Shadow Hearts
SLUS_203.49;Scooby Doo! Night of 100 Frights
SLUS_203.52;Looney Tunes Space Race
SLUS_203.60;Blade 2
SLUS_203.61;Rally Fusion - Race of Champions
SLUS_203.62;Need for Speed - Hot Pursuit 2
SLUS_203.67;Freekstyle
SLUS_203.68;Medal of Honor - Frontline
SLUS_203.70;Kingdom Hearts
SLUS_203.71;Thing, The
SLUS_203.74;Hitman 2 - Silent Assassin
SLUS_203.75;Mister Mosquito
SLUS_203.77;Metropolismania
SLUS_203.82;Mobile Suit Gundam - Federation vs Zeon
SLUS_203.83;Vexx
SLUS_203.84;Skygunner
SLUS_203.87;Suikoden III
SLUS_203.88;Fatal Frame
SLUS_203.90;Risk - Global Domination
SLUS_203.92;Antz Extreme Racing
SLUS_203.93;Onimusha 2 - Samurai's Destiny
SLUS_203.97;Tenchu 3 - Wrath of Heaven
SLUS_203.98;Road Trip
SLUS_204.05;Downforce
SLUS_204.07;Way of the Samurai
SLUS_204.13;Shadow Man - Second Coming
SLUS_204.14;Legaia 2 - Duel Saga
SLUS_204.15;BMX XXX
SLUS_204.17;Grandia Xtreme
SLUS_204.20;Star Wars - Bounty Hunter
SLUS_204.21;Battlestar Galactica
SLUS_204.23;Mortal Kombat - Deadly Alliance
SLUS_204.25;Spongebob Squarepants - Revenge of the Flying Dutchman
SLUS_204.31;Wreckless - The Yakuza Missions
SLUS_204.33;SWAT - Global Strike Team
SLUS_204.35;Armored Core 3
SLUS_204.39;Futurama
SLUS_204.42;Red Faction 2
SLUS_204.46;Agassi - Tennis Generation
SLUS_204.54;Enter the Matrix
SLUS_204.58;Dr. Muto
SLUS_204.59;Shinobi
SLUS_204.61;BloodRayne
SLUS_204.62;Wipeout Fusion
SLUS_204.63;Dropship - United Peace Force
SLUS_204.65;Alter Echo
SLUS_204.67;Tomb Raider - The Angel of Darkness
SLUS_204.68;Dynasty Tactics
SLUS_204.69;Xenosaga - Episode I - Der Wille zur Macht
SLUS_204.71;Rygar - The Legendary Adventure
SLUS_204.75;Dual Hearts
SLUS_204.84;Devil May Cry 2 [Disc 1]
SLUS_204.86;Marvel vs Capcom 2
SLUS_204.87;MegaMan X7
SLUS_204.90;Gladius
SLUS_204.93;Gungrave
SLUS_204.95;Battle Engine Aquila
SLUS_204.99;Breath of Fire - Dragon Quarter
SLUS_205.08;Indiana Jones and the Emperor's Tomb
SLUS_205.09;Soccer Slam - Sega Sports
SLUS_205.14;Silent Scope 3
SLUS_205.16;Shrek - Super Party
SLUS_205.19;Tak and The Power of Juju
SLUS_205.20;Lord of the Rings, The - The Fellowship of the Ring
SLUS_205.21;Mystic Heroes
SLUS_205.33;Shox
SLUS_205.39;Fallout - Brotherhood of Steel
SLUS_205.45;Zone of the Enders - The 2nd Runner
SLUS_205.48;Sub Rebellion
SLUS_205.52;Grand Theft Auto - Vice City
SLUS_205.54;Metal Gear Solid 2 - Substance
SLUS_205.61;Disaster Report
SLUS_205.62;.hack//Part 2 - Mutation
SLUS_205.63;.hack//Part 3 - Outbreak
SLUS_205.64;.hack//Part 4 - Quarantine
SLUS_205.65;Champions of Norrath
SLUS_205.73;Sims, The
SLUS_205.78;Lord of the Rings, The - The Two Towers
SLUS_205.90;Spy Hunter 2
SLUS_205.91;DragonBall Z - Budokai
SLUS_205.93;Magic Pengel - The Quest for Color
SLUS_205.95;Area 51
SLUS_205.97;Warhammer 40K - Fire Warrior
SLUS_205.98;Everblue 2
SLUS_206.06;Bounty Hunter - Seek & Destroy
SLUS_206.13;Tom Clancy's Ghost Recon
SLUS_206.14;Aero Elite - Combat Academy
SLUS_206.16;Virtua Fighter 4 - Evolution
SLUS_206.17;Dynasty Warriors 3 - Xtreme Legends
SLUS_206.19;Starsky & Hutch
SLUS_206.21;Seven Samurai 20XX
SLUS_206.22;Silent Hill 3
SLUS_206.24;Simpsons, The - Hit & Run
SLUS_206.27;Devil May Cry 2 [Disc 2]
SLUS_206.32;Extreme-G Racing Association - XGRA
SLUS_206.33;Clock Tower 3
SLUS_206.36;Suffering, The
SLUS_206.39;Def Jam - Vendetta
SLUS_206.42;Auto Modellista
SLUS_206.44;Armored Core - Silent Line
SLUS_206.45;Time Crisis 3 [with Guncon]
SLUS_206.49;Crash Bandicoot - Nitro Kart
SLUS_206.52;Tom Clancy's Splinter Cell
SLUS_206.55;Hobbit, The
SLUS_206.56;X-Men Legends
SLUS_206.63;Naval Ops - Warship Gunner
SLUS_206.66;Disgaea - Hour of Darkness
SLUS_206.69;Resident Evil - Dead Aim
SLUS_206.71;Mafia
SLUS_206.75;Baldur's Gate - Dark Alliance 2
SLUS_206.77;XIII
SLUS_206.80;SpongeBob SquarePants - The Battle for Bikini Bottoms
SLUS_206.83;Lupin the 3rd - Treasure of the Sorcerer King
SLUS_206.84;Whiplash
SLUS_206.85;Ape Escape 2
SLUS_206.88;Psi-Ops - The Mindgate Conspiracy
SLUS_206.94;Onimusha 3 - Demon Siege
SLUS_206.95;Chaos Legion
SLUS_206.97;Cy Girls [Disc 1]
SLUS_206.98;SD Gundam Force Showdown
SLUS_207.01;Scooby-Doo! Mystery Mayhem
SLUS_207.02;Monster Rancher 4
SLUS_207.09;Batman - Rise of Sin-Tzu
SLUS_207.12;Gradius V
SLUS_207.14;Red Ninja - End of Honor
SLUS_207.16;Teenage Mutant Ninja Turtles
SLUS_207.18;Sonic Heroes
SLUS_207.22;Maximo vs Army of Zin
SLUS_207.24;Firefighter FD 18
SLUS_207.25;Call of Duty - Finest Hour
SLUS_207.31;Tony Hawk's Underground
SLUS_207.32;Drakengard
SLUS_207.33;Castlevania - Lament of Innocence
SLUS_207.38;Van Helsing
SLUS_207.40;Mobile Suit Gundam - Encounters in Space
SLUS_207.42;Chulip
SLUS_207.43;Prince of Persia - Sands of Time
SLUS_207.45;Shrek 2
SLUS_207.53;Medal of Honor - Rising Sun
SLUS_207.61;Dynasty Tactics 2
SLUS_207.62;Secret Weapons Over Normandy
SLUS_207.63;Beyond Good and Evil
SLUS_207.64;Bombastic
SLUS_207.65;Resident Evil - Outbreak
SLUS_207.66;Fatal Frame 2 - Crimson Butterfly
SLUS_207.70;Lord of the Rings, The - The Return of the King
SLUS_207.73;Legacy of Kain - Defiance
SLUS_207.76;Spider-Man 2
SLUS_207.77;Obscure
SLUS_207.79;DragonBall Z - Budokai 2
SLUS_207.80;R-Type Final
SLUS_207.82;Blood Will Tell
SLUS_207.86;Metal Arms - Glitch in the System
SLUS_207.87;WWE SmackDown! Here Comes the Pain
SLUS_207.95;Bloody Roar 4
SLUS_208.03;Bard's Tale, The
SLUS_208.04;Forgotten Realms - Demon Stone
SLUS_208.06;Space Channel 5 - Special Edition
SLUS_208.07;Space Channel 5 - Special Edition (Disc 2)
SLUS_208.09;Godzilla - Save the Earth
SLUS_208.10;Nightshade
SLUS_208.12;Dynasty Warriors 4 - Extreme Edition
SLUS_208.20;Tom Clancy's Ghost Recon - Jungle Storm
SLUS_208.22;Galactic Wrestling
SLUS_208.27;Manhunt
SLUS_208.36;Digimon World 4
SLUS_208.42;Sims, The - Bustin' Out
SLUS_208.45;Cold Winter
SLUS_208.47;La Pucelle - Tactics
SLUS_208.50;Blowout
SLUS_208.51;Ace Combat 5 - The Unsung War
SLUS_208.52;Terminator 3, The - The Redemption
SLUS_208.54;Cy Girls [Disc 2]
SLUS_208.55;Destruction Derby Arenas
SLUS_208.56;Spy Fiction
SLUS_208.58;Corvette 50th Anniversary
SLUS_208.64;Punisher, The
SLUS_208.66;Asterix & Obelix XXL - Kick Buttix
SLUS_208.67;Astro Boy
SLUS_208.73;Silent Hill 4 - The Room
SLUS_208.74;DragonBall Z - Sagas
SLUS_208.75;Predator - Concrete Jungle
SLUS_208.77;Crimson Sea 2
SLUS_208.78;Samurai Warriors
SLUS_208.81;Mortal Kombat - Deception
SLUS_208.82;Hitman - Contracts
SLUS_208.83;Tom Clancy's Rainbow Six 3
SLUS_208.84;Spyro - A Hero's Tail
SLUS_208.85;Red Star, The
SLUS_208.88;Front Mission 4
SLUS_208.92;Xenosaga - Episode II - Jenseits von Gut und Bose [Disc 1]
SLUS_208.93;Way of the Samurai 2
SLUS_208.94;Worms 3D
SLUS_208.95;Bujingai - The Forsaken City
SLUS_208.96;Monster Hunter
SLUS_208.98;Star Wars Battlefront
SLUS_208.99;Samurai Jack - The Shadow of Aku
SLUS_209.01;FlatOut
SLUS_209.02;Shadow of Rome
SLUS_209.03;MegaMan X - Command Mission
SLUS_209.07;Serious Sam - Next Encounter
SLUS_209.09;Crash Bandicoot Twinsanity
SLUS_209.11;Shin Megami Tensei - Nocturne
SLUS_209.17;Sonic Mega Collection Plus
SLUS_209.24;Duel Masters
SLUS_209.25;Shark Tale
SLUS_209.27;Time Crisis - Crisis Zone
SLUS_209.28;Echo Night - Beyond
SLUS_209.29;Gundam Battle Assault 3 featuring Gundam Seed
SLUS_209.30;Choro Q
SLUS_209.32;Mercenaries - Playground of Destruction
SLUS_209.37;Wild ARMs - Alter Code F
SLUS_209.39;Viewtiful Joe 2
SLUS_209.40;Yu-Gi-Oh! Capsule Monster Coliseum
SLUS_209.46;Grand Theft Auto - San Andreas
SLUS_209.47;Winback 2nd Operation
SLUS_209.48;Crimson Tears
SLUS_209.51;Viewtiful Joe
SLUS_209.52;Tak 2 - The Staff of Dreams
SLUS_209.53;Shaman King - Power of Spirit
SLUS_209.55;Phantom Brave
SLUS_209.57;Scaler
SLUS_209.58;Tom Clancy's Splinter Cell 2 - Pandora Tomorrow
SLUS_209.60;MegaMan X8
SLUS_209.62;Castle of Shikigami 2
SLUS_209.67;Enthusia Professional Racing
SLUS_209.69;S.L.A.I. - Steel Lancer Arena International - Phantom Crash
SLUS_209.73;Champions - Return to Arms
SLUS_209.74;Shin Megami Tensei - Digital Devil Saga
SLUS_209.75;One Piece - Grand Battle
SLUS_209.79;Suikoden IV
SLUS_209.80;Ys - The Ark of Napishtim
SLUS_209.81;Teenage Mutant Ninja Turtles 2
SLUS_209.83;Musashi Samurai Legend
SLUS_209.84;Resident Evil - Outbreak File #2
SLUS_209.85;Under the Skin
SLUS_209.86;Armored Core - Nexus [Evolution Disc]
SLUS_209.94;Full Metal Alchemist and The Broken Angel
SLUS_209.98;DragonBall Z - Budokai 3
SLUS_210.04;Def Jam - Fight for NY
SLUS_210.05;Kingdom Hearts II
SLUS_210.07;Kuon
SLUS_210.08;Katamari Damacy
SLUS_210.09;Sega Classics Collection
SLUS_210.10;Nano Breaker
SLUS_210.13;Crash 'N' Burn
SLUS_210.19;Technic Beat
SLUS_210.20;GunGrave - OverDose
SLUS_210.22;Prince of Persia - Warrior Within
SLUS_210.26;Battlefield 2 - Mordern Combat
SLUS_210.27;Lord of the Rings, The - The Third Age
SLUS_210.33;Second Sight
SLUS_210.41;Shadow Hearts 2 - Covenant [Disc 1]
SLUS_210.42;Darkwatch
SLUS_210.43;Backyard Wrestling 2 - There Goes the Neighborhood
SLUS_210.44;Shadow Hearts 2 - Covenant [Disc 2]
SLUS_210.50;Burnout 3 - Takedown
SLUS_210.59;Tekken 5
SLUS_210.66;Urbz, The - Sims in the City
SLUS_210.67;Digimon Rumble Arena 2
SLUS_210.71;Nightmare of Druaga
SLUS_210.75;Haunting Ground
SLUS_210.77;Gauntlet - Seven Sorrows
SLUS_210.79;Armored Core - Nexus [Revolution Disc]
SLUS_210.80;Samurai Warriors - Xtreme Legends
SLUS_210.83;LEGO Star Wars
SLUS_210.86;Big Mutha Truckers 2
SLUS_210.87;Mortal Kombat - Shaolin Monks
SLUS_210.88;Disney's Chicken Little
SLUS_210.90;Alien Homind
SLUS_210.91;Scooby-Doo! Unmasked
SLUS_210.93;Worms Forts - Under Siege!
SLUS_211.08;Hitman - Blood Money
SLUS_211.15;Okami
SLUS_211.19;Kessen 3
SLUS_211.20;Psychonauts
SLUS_211.28;Blitz - The League
SLUS_211.29;Tenchu 4 - Fatal Shadows
SLUS_211.32;Stella Deus - The Gate of Eternity
SLUS_211.33;Xenosaga - Episode II - Jenseits von Gut und Bose [Disc 2]
SLUS_211.34;Resident Evil 4
SLUS_211.36;Graffiti Kingdom
SLUS_211.38;X-Men Legends II - Rise of Apocalypse
SLUS_211.40;Mobile Suit Gundam Seed - Never Ending Tomorrow
SLUS_211.43;Star Wars - Episode III - Revenge of the Sith
SLUS_211.50;Beatdown - Fists of Vengeance
SLUS_211.52;Shin Megami Tensei - Digital Devil Saga 2
SLUS_211.53;Dynasty Warriors 5
SLUS_211.54;Killer 7
SLUS_211.63;Brothers in Arms - Road to Hill 30
SLUS_211.65;Arc the Lad - End of Darkness
SLUS_211.66;Full Metal Alchemist 2 - Curse of the Crimson Elixir
SLUS_211.68;Castlevania - Curse of Dakness
SLUS_211.70;Makai Kingdom - Chronicles of the Sacred Tome
SLUS_211.71;Harvest Moon - A Wonderful Life [Special Edition]
SLUS_211.80;Onimusha - Dawn of Dreams
SLUS_211.84;Teenage Mutant Ninja Turtles 3 - Mutant Nightmare
SLUS_211.87;Samurai Western
SLUS_211.89;Suffering, The - Ties That Bind
SLUS_211.91;Crash Tag Team Racing
SLUS_211.93;Inuyasha - Feudal Combat
SLUS_211.94;Phantasy Star Universe
SLUS_211.96;Indigo Prophecy
SLUS_211.98;Batman Begins
SLUS_211.99;Medal of Honor - European Assault
SLUS_212.00;Armored Core - Nine Breaker
SLUS_212.01;Tales of Legendia
SLUS_212.06;Shining Force Neo
SLUS_212.12;Spartan - Total Warrior
SLUS_212.15;Warriors, The
SLUS_212.16;Soul Calibur III
SLUS_212.18;Tak - The Great Juju Challenge
SLUS_212.27;DragonBall Z - Budokai Tenkaichi
SLUS_212.30;We Love Katamari
SLUS_212.31;Sniper Elite
SLUS_212.42;Burnout Revenge
SLUS_212.43;Metal Gear Solid 3 - (Disc 2) Persistence
SLUS_212.44;Fatal Frame 3 - The Tormented
SLUS_212.45;Suikoden Tactics
SLUS_212.48;Legend of Kay
SLUS_212.51;FlatOut 2
SLUS_212.58;.hack//G.U. Vol.1 - Rebirth
SLUS_212.61;Shadow the Hedgehog
SLUS_212.63;Romancing SaGa
SLUS_212.65;Sims 2, The
SLUS_212.70;MS Saga - A New Dawn
SLUS_212.82;James Bond 007 - From Russia with Love
SLUS_212.83;Total Overdose - A Gunslinger's Tale in Mexico
SLUS_212.84;Nicktoons Unite!
SLUS_212.85;Ultimate Spider-Man [Limited Edition]
SLUS_212.87;Prince of Persia - The Two Thrones
SLUS_212.91;Suikoden V
SLUS_212.92;Wild ARMs 4
SLUS_212.93;Metal Saga
SLUS_212.97;Devil Kings
SLUS_212.99;Dynasty Warriors 5 - Xtreme Legends
SLUS_213.00;Over the Hedge
SLUS_213.10;Brothers in Arms - Earned in Blood
SLUS_213.15;50cent - Bulletproof
SLUS_213.21;Alfa Romeo Racing Italiano
SLUS_213.23;Rampage - Total Destruction
SLUS_213.26;Shadow Hearts - From the New World
SLUS_213.27;Atelier Iris 2 - The Azoth of Destiny
SLUS_213.30;Monster Rancher 5
SLUS_213.34;Grandia III [Disc 1]
SLUS_213.38;Armored Core - Last Raven
SLUS_213.43;Samurai Champloo - Sidetracked
SLUS_213.45;Grandia III [Disc 2]
SLUS_213.46;Ace Combat Zero - The Belkan War
SLUS_213.55;Midnight Club 3 - DUB Edition Remix
SLUS_213.56;Tom Clancy's Splinter Cell - Double Agent
SLUS_213.58;Naruto - Ultimate Ninja
SLUS_213.59;Metal Gear Solid 3 - (Disc 1) Subsistence
SLUS_213.61;Devil May Cry 3 - Dante's Awakening [Special Edition]
SLUS_213.62;Onimusha - Dawn of Dreams
SLUS_213.64;One Piece - Pirates Carnival
SLUS_213.70;MegaMan X Collection
SLUS_213.73;Drakengard 2
SLUS_213.74;Marvel - Ultimate Alliance
SLUS_213.76;Black
SLUS_213.85;Godfather, The
SLUS_213.86;Tales of the Abyss
SLUS_213.87;Warship Gunner 2
SLUS_213.89;Xenosaga - Episode III - Also Sprach Zarathustra [Disc 1]
SLUS_213.90;Urban Chaos - Riot Response
SLUS_213.95;Avatar - The Last Airbender
SLUS_213.97;Disgaea 2 - Cursed Memories
SLUS_214.09;LEGO Star Wars II - The Original Trilogy
SLUS_214.13;Thrillville
SLUS_214.17;Xenosaga - Episode III - Also Sprach Zarathustra [Disc 2]
SLUS_214.19;Dirge of Cerberus - Final Fantasy VII
SLUS_214.20;Disney's Chicken Little - Ace in Action
SLUS_214.21;Spy Hunter - Nowhere to Run
SLUS_214.23;Grand Theft Auto - Liberty City Stories
SLUS_214.31;Shin Megami Tensei - Devil Summoner - Raidou Kuzunoha vs The Soulless Army
SLUS_214.35;One Piece - Grand Adventure
SLUS_214.36;Just Cause
SLUS_214.37;Disney's Kim Possible - What's the Switch
SLUS_214.38;Cartoon Network Racing
SLUS_214.41;DragonBall Z - Budokai Tenkaichi 2
SLUS_214.45;Ar Tonelico
SLUS_214.48;Rule of Rose
SLUS_214.49;Fast and the Furious, The - Tokyo Drift
SLUS_214.52;Valkyrie Profile 2 - Silmeria
SLUS_214.54;Shrek the Third
SLUS_214.56;Tony Hawk's Downhill Jam
SLUS_214.62;Samurai Warriors 2
SLUS_214.71;Tokobot Plus - Mysteries of the Karakuri
SLUS_214.84;Flushed Away
SLUS_214.88;.hack//G.U. Vol.2 - Reminisce
SLUS_214.89;.hack//G.U. Vol.3 - Redemption
SLUS_214.98;Naruto - Uzumaki Chronicles
SLUS_214.99;Evolution GT
SLUS_215.01;Raw Danger
SLUS_215.03;God Hand
SLUS_215.36;Sims 2, The - Pets
SLUS_215.43;Mortal Kombat - Armageddon [Kollector's Edition]
SLUS_215.52;Spider-Man 3
SLUS_215.60;Family Guy - The Video Game
SLUS_215.64;Atelier Iris 3 - Grand Phantasm
SLUS_215.67;Shining Force EXA
SLUS_215.74;Dawn of Mana
SLUS_215.75;Naruto - Ultimate Ninja 2
SLUS_215.77;Odin Sphere
SLUS_215.78;Biker Mice from Mars
SLUS_215.84;Romance of the Three Kingdoms XI
SLUS_215.88;Avatar - The Last Airbender - The Burning Earth
SLUS_215.90;Grand Theft Auto - Vice City Stories
SLUS_215.92;Adventures of Darwin, The
SLUS_215.94;Naruto - Uzumaki Chronicles 2
SLUS_215.95;T.M.N.T. - Teenage Mutant Ninja Turtles
SLUS_215.96;Burnout - Dominator
SLUS_215.97;Medal of Honor - Vanguard
SLUS_216.00;Spider-Man - Friend or Foe
SLUS_216.03;Soul Nomad & The World Eaters
SLUS_216.04;GrimGrimoire
SLUS_216.05;Nicktoons - Attack of the Toybots
SLUS_216.11;Thrillville - Off the Rails
SLUS_216.15;Wild ARMs 5
SLUS_216.21;Shin Megami Tensei - Persona 3 FES
SLUS_216.22;Bee Movie Game
SLUS_216.26;Stuntman - Ignition
SLUS_216.31;Phantasy Star Universe - Ambition of the Illuminus
SLUS_216.33;Aqua Teen Hunger Force - Zombie Ninja Pro-Am
SLUS_216.37;Disney-Pixar's Cars - Mater-National
SLUS_216.41;Innocent Life - Harvest Moon - Pure
SLUS_216.62;Warriors Orochi
SLUS_216.64;Sims 2, The - Castaway
SLUS_216.78;DragonBall Z - Budokai Tenkaichi 3
SLUS_217.02;Fire Pro Wrestling - Returns
SLUS_217.09;Obscure - The Aftermath
SLUS_217.14;Baroque
SLUS_217.20;Arcana Heart
SLUS_217.21;Nobunaga's Ambition - Rise to Power
SLUS_217.22;Chaos Wars
SLUS_217.26;Samurai Warriors 2 - Xtreme Legends
SLUS_217.27;Naruto - Ultimate Ninja 3
SLUS_217.28;Crash - Mind over Mutant
SLUS_217.31;Silent Hill - Origins
SLUS_217.35;Mana Khemia - Alchemists of Al-Revis
SLUS_217.49;Garfield - Lasagna World Tour
SLUS_217.56;Chronicles of Narnia, The - Prince Caspian
SLUS_217.57;Kung Fu Panda
SLUS_217.59;LEGO Indiana Jones - The Original Adventures
SLUS_217.61;B-Boy
SLUS_217.74;Dynasty Warriors 6
SLUS_217.78;Dokapon Kingdom
SLUS_217.79;Eternal Poison
SLUS_217.82;Shin Megami Tensei - Persona 4
SLUS_217.85;LEGO Batman
SLUS_217.88;Ar Tonelico 2 - Melody of Metafalica
SLUS_217.97;Tak and the Guardians of Gross
SLUS_217.99;Kingdom Hearts - Re- Chain of Memories
SLUS_218.03;Warriors Orochi 2
SLUS_218.04;Avatar - The Last Airbender - Into the Inferno
SLUS_218.12;Speed Racer
SLUS_218.18;SpongeBob SquarePants featuring Nicktoons - Globs of Doom
SLUS_218.31;Army Men - Soldiers of Misfortune
SLUS_218.42;DragonBall Z - Infinite World
SLUS_218.45;Shin Megami Tensei - Devil Summoner 2 - Raidou Kuzunoha vs King Abaddon
SLUS_218.46;Sonic Unleashed
SLUS_218.62;Naruto Shippuden - Ultimate Ninja 4
SLUS_218.70;Dreamwork's Monster's vs Aliens
SLUS_218.73;Dynasty Warriors - Gundam 2
SLUS_218.79;Marvel - Ultimate Alliance 2
SLUS_218.82;Ghostbusters - The Video Game
SLUS_218.83;Disney/Pixar Cars - Race-O-Rama
SLUS_218.84;Backyard Baseball 2010
SLUS_218.85;Indiana Jones and the Staff of Kings
SLUS_218.90;Mana Khemia 2 - Fall of Alchemy
SLUS_218.95;Astro Boy - The Video Game
SLUS_218.99;Silent Hill - Shattered Memories
SLUS_219.07;Jurassic - The Hunted
SLUS_219.14;NHL 2K10
SLUS_219.19;Backyard Football '10
SLUS_219.31;!No match on title database!
SLUS_219.39;WWE SmackDown vs. Raw 2011
SLUS_219.40;WWE All Stars
SWBFRNT2.ELF;!No match on title database!
