ID	LINK
PBPX_952.01	https://github.com/PCSX2/pcsx2_patches/blob/main/patches/PBPX-95201_2AF8719D.pnach
PBPX_952.01	https://github.com/PCSX2/pcsx2_patches/blob/main/patches/PBPX-95201_31603A01.pnach
PBPX_952.01	https://github.com/PCSX2/pcsx2_patches/blob/main/patches/PBPX-95201_35610B70.pnach
PBPX_952.01	https://github.com/PCSX2/pcsx2_patches/blob/main/patches/PBPX-95201_AA75FE6A.pnach
PBPX_952.01	https://github.com/PCSX2/pcsx2_patches/blob/main/patches/PBPX-95201_BD27FC43.pnach
PBPX_952.01	https://github.com/PCSX2/pcsx2_patches/blob/main/patches/PBPX-95201_CC0DF99A.pnach
PBPX_952.01	https://github.com/PCSX2/pcsx2_patches/blob/main/patches/PBPX-95201_CE3B7939.pnach
PBPX_952.01	https://github.com/PCSX2/pcsx2_patches/blob/main/patches/PBPX-95201_D79F697A.pnach
PBPX_952.01	https://github.com/PCSX2/pcsx2_patches/blob/main/patches/PBPX-95201_EE68CA13.pnach
PBPX_952.01	https://github.com/PCSX2/pcsx2_patches/blob/main/patches/PBPX-95201_F66528FF.pnach
PBPX_952.01	https://github.com/PCSX2/pcsx2_patches/blob/main/patches/PBPX-95201_F7D86DD0.pnach
PBPX_955.06	https://github.com/PCSX2/pcsx2_patches/blob/main/patches/PBPX-95506_7ACF7E03.pnach
SCAJ_200.16	https://github.com/PCSX2/pcsx2_patches/blob/main/patches/SCAJ-20016_07E0108A.pnach
SCAJ_201.44	https://github.com/PCSX2/pcsx2_patches/blob/main/patches/SCAJ-20144_3EEB02D9.pnach
SCAJ_300.01	https://github.com/PCSX2/pcsx2_patches/blob/main/patches/SCAJ-30001_A3D63039.pnach
SCES_505.99	https://github.com/PCSX2/pcsx2_patches/blob/main/patches/SCES-50599_F5B07CC0.pnach
SCES_532.85	https://github.com/PCSX2/pcsx2_patches/blob/main/patches/SCES-53285_D697D204.pnach
SCKA_200.01	https://github.com/PCSX2/pcsx2_patches/blob/main/patches/SCKA-20001_85172335.pnach
SCKA_200.04	https://github.com/PCSX2/pcsx2_patches/blob/main/patches/SCKA-20004_71017DE1.pnach
SCKA_200.19	https://github.com/PCSX2/pcsx2_patches/blob/main/patches/SCKA-20019_47C2C34A.pnach
SCKA_200.23	https://github.com/PCSX2/pcsx2_patches/blob/main/patches/SCKA-20023_56ABF4C6.pnach
SCKA_200.25	https://github.com/PCSX2/pcsx2_patches/blob/main/patches/SCKA-20025_5B563DA7.pnach
SCKA_200.38	https://github.com/PCSX2/pcsx2_patches/blob/main/patches/SCKA-20038_7AF33AEC.pnach
SCKA_200.39	https://github.com/PCSX2/pcsx2_patches/blob/main/patches/SCKA-20039_F088FA5B.pnach
SCKA_200.44	https://github.com/PCSX2/pcsx2_patches/blob/main/patches/SCKA-20044_518DD841.pnach
SCKA_200.50	https://github.com/PCSX2/pcsx2_patches/blob/main/patches/SCKA-20050_E4F5DA2B.pnach
SCKA_200.51	https://github.com/PCSX2/pcsx2_patches/blob/main/patches/SCKA-20051_E0BF7C19.pnach
SCKA_200.57	https://github.com/PCSX2/pcsx2_patches/blob/main/patches/SCKA-20057_E12A4CFA.pnach
SCKA_200.63	https://github.com/PCSX2/pcsx2_patches/blob/main/patches/SCKA-20063_A8CC1583.pnach
SCKA_200.68	https://github.com/PCSX2/pcsx2_patches/blob/main/patches/SCKA-20068_AA9ABE8B.pnach
SCKA_200.69	https://github.com/PCSX2/pcsx2_patches/blob/main/patches/SCKA-20069_33EFA0B0.pnach
SCKA_200.90	https://github.com/PCSX2/pcsx2_patches/blob/main/patches/SCKA-20090_924C4AA6.pnach
SCKA_200.96	https://github.com/PCSX2/pcsx2_patches/blob/main/patches/SCKA-20096_0B2F3DEE.pnach
SCKA_200.98	https://github.com/PCSX2/pcsx2_patches/blob/main/patches/SCKA-20098_CC8451F9.pnach
SCKA_201.14	https://github.com/PCSX2/pcsx2_patches/blob/main/patches/SCKA-20114_9891B945.pnach
SCPS_110.06	https://github.com/PCSX2/pcsx2_patches/blob/main/patches/SCPS-11006_9000252A.pnach
SCPS_110.07	https://github.com/PCSX2/pcsx2_patches/blob/main/patches/SCPS-11007_592FE581.pnach
SCPS_110.08	https://github.com/PCSX2/pcsx2_patches/blob/main/patches/SCPS-11008_EE838B5C.pnach
SCPS_110.26	https://github.com/PCSX2/pcsx2_patches/blob/main/patches/SCPS-11026_CE2A5384.pnach
SCPS_110.34	https://github.com/PCSX2/pcsx2_patches/blob/main/patches/SCPS-11034_09312716.pnach
SCPS_150.69	https://github.com/PCSX2/pcsx2_patches/blob/main/patches/SCPS-15069_E77C2D4F.pnach
SCPS_560.01	https://github.com/PCSX2/pcsx2_patches/blob/main/patches/SCPS-56001_2DF2C1EA.pnach
SCPS_560.02	https://github.com/PCSX2/pcsx2_patches/blob/main/patches/SCPS-56002_D73A8856.pnach
SCPS_560.07	https://github.com/PCSX2/pcsx2_patches/blob/main/patches/SCPS-56007_98C1CE89.pnach
SCPS_560.08	https://github.com/PCSX2/pcsx2_patches/blob/main/patches/SCPS-56008_BCF04BF3.pnach
SCPS_560.12	https://github.com/PCSX2/pcsx2_patches/blob/main/patches/SCPS-56012_8D726B7A.pnach
SCUS_974.36	https://github.com/PCSX2/pcsx2_patches/blob/main/patches/SCUS-97436_32A1C752.pnach
SLES_500.22	https://github.com/PCSX2/pcsx2_patches/blob/main/patches/SLES-50022_0D434FEC.pnach
SLES_502.32	https://github.com/PCSX2/pcsx2_patches/blob/main/patches/SLES-50232_78168525.pnach
SLES_502.64	https://github.com/PCSX2/pcsx2_patches/blob/main/patches/SLES-50264_B911D61B.pnach
SLES_503.00	https://github.com/PCSX2/pcsx2_patches/blob/main/patches/SLES-50300_30FABE51.pnach
SLES_504.36	https://github.com/PCSX2/pcsx2_patches/blob/main/patches/SLES-50436_7EF08A6F.pnach
SLES_505.07	https://github.com/PCSX2/pcsx2_patches/blob/main/patches/SLES-50507_F9E3CF90.pnach
SLES_505.08	https://github.com/PCSX2/pcsx2_patches/blob/main/patches/SLES-50508_F9E3CF90.pnach
SLES_505.79	https://github.com/PCSX2/pcsx2_patches/blob/main/patches/SLES-50579_FD4E2837.pnach
SLES_508.10	https://github.com/PCSX2/pcsx2_patches/blob/main/patches/SLES-50810_257F96FD.pnach
SLES_508.13	https://github.com/PCSX2/pcsx2_patches/blob/main/patches/SLES-50813_295D2F91.pnach
SLES_508.32	https://github.com/PCSX2/pcsx2_patches/blob/main/patches/SLES-50832_A7E91CE8.pnach
SLES_508.37	https://github.com/PCSX2/pcsx2_patches/blob/main/patches/SLES-50837_AE0979D3.pnach
SLES_510.95	https://github.com/PCSX2/pcsx2_patches/blob/main/patches/SLES-51095_8E2021E8.pnach
SLES_511.43	https://github.com/PCSX2/pcsx2_patches/blob/main/patches/SLES-51143_CA5967E2.pnach
SLES_514.03	https://github.com/PCSX2/pcsx2_patches/blob/main/patches/SLES-51403_A3AE7C2A.pnach
SLES_514.68	https://github.com/PCSX2/pcsx2_patches/blob/main/patches/SLES-51468_A6698B41.pnach
SLES_514.68	https://github.com/PCSX2/pcsx2_patches/blob/main/patches/SLES-51468_BADCA543.pnach
SLES_514.70	https://github.com/PCSX2/pcsx2_patches/blob/main/patches/SLES-51470_6EEE06DD.pnach
SLES_514.70	https://github.com/PCSX2/pcsx2_patches/blob/main/patches/SLES-51470_BADCA543.pnach
SLES_516.87	https://github.com/PCSX2/pcsx2_patches/blob/main/patches/SLES-51687_D8A68BBA.pnach
SLES_518.44	https://github.com/PCSX2/pcsx2_patches/blob/main/patches/SLES-51844_FD32030F.pnach
SLES_518.59	https://github.com/PCSX2/pcsx2_patches/blob/main/patches/SLES-51859_30BE71D7.pnach
SLES_519.89	https://github.com/PCSX2/pcsx2_patches/blob/main/patches/SLES-51989_BF45EFF4.pnach
SLES_521.03	https://github.com/PCSX2/pcsx2_patches/blob/main/patches/SLES-52103_2F1F3758.pnach
SLES_522.16	https://github.com/PCSX2/pcsx2_patches/blob/main/patches/SLES-52216_50DFAD38.pnach
SLES_522.47	https://github.com/PCSX2/pcsx2_patches/blob/main/patches/SLES-52247_36ECD588.pnach
SLES_522.80	https://github.com/PCSX2/pcsx2_patches/blob/main/patches/SLES-52280_E185C725.pnach
SLES_522.86	https://github.com/PCSX2/pcsx2_patches/blob/main/patches/SLES-52286_542766CA.pnach
SLES_523.42	https://github.com/PCSX2/pcsx2_patches/blob/main/patches/SLES-52342_1A2D3CC7.pnach
SLES_523.62	https://github.com/PCSX2/pcsx2_patches/blob/main/patches/SLES-52362_5D0235B7.pnach
SLES_525.52	https://github.com/PCSX2/pcsx2_patches/blob/main/patches/SLES-52552_BCCAB4C0.pnach
SLES_525.57	https://github.com/PCSX2/pcsx2_patches/blob/main/patches/SLES-52557_00ACE936.pnach
SLES_525.89	https://github.com/PCSX2/pcsx2_patches/blob/main/patches/SLES-52589_89920FD9.pnach
SLES_526.42	https://github.com/PCSX2/pcsx2_patches/blob/main/patches/SLES-52642_A1FD63D6.pnach
SLES_528.57	https://github.com/PCSX2/pcsx2_patches/blob/main/patches/SLES-52857_38351989.pnach
SLES_528.96	https://github.com/PCSX2/pcsx2_patches/blob/main/patches/SLES-52896_34DA05D2.pnach
SLES_530.29	https://github.com/PCSX2/pcsx2_patches/blob/main/patches/SLES-53029_72DC82B5.pnach
SLES_530.31	https://github.com/PCSX2/pcsx2_patches/blob/main/patches/SLES-53031_72DC82B5.pnach
SLES_531.56	https://github.com/PCSX2/pcsx2_patches/blob/main/patches/SLES-53156_9A03A3DD.pnach
SLES_532.19	https://github.com/PCSX2/pcsx2_patches/blob/main/patches/SLES-53219_0FECA8E8.pnach
SLES_533.11	https://github.com/PCSX2/pcsx2_patches/blob/main/patches/SLES-53311_F28709A1.pnach
SLES_534.04	https://github.com/PCSX2/pcsx2_patches/blob/main/patches/SLES-53404_D777863A.pnach
SLES_535.02	https://github.com/PCSX2/pcsx2_patches/blob/main/patches/SLES-53502_EFC63B51.pnach
SLES_536.23	https://github.com/PCSX2/pcsx2_patches/blob/main/patches/SLES-53623_9ADA98B4.pnach
SLES_537.10	https://github.com/PCSX2/pcsx2_patches/blob/main/patches/SLES-53710_F59EA4FB.pnach
SLES_537.67	https://github.com/PCSX2/pcsx2_patches/blob/main/patches/SLES-53767_42CD7065.pnach
SLES_541.60	https://github.com/PCSX2/pcsx2_patches/blob/main/patches/SLES-54160_379819CC.pnach
SLES_543.35	https://github.com/PCSX2/pcsx2_patches/blob/main/patches/SLES-54335_1C42A8E7.pnach
SLES_548.07	https://github.com/PCSX2/pcsx2_patches/blob/main/patches/SLES-54807_A54496E5.pnach
SLES_548.13	https://github.com/PCSX2/pcsx2_patches/blob/main/patches/SLES-54813_2E98C05B.pnach
SLES_548.43	https://github.com/PCSX2/pcsx2_patches/blob/main/patches/SLES-54843_AEFD7D25.pnach
SLES_549.72	https://github.com/PCSX2/pcsx2_patches/blob/main/patches/SLES-54972_0FCF8FE4.pnach
SLES_549.75	https://github.com/PCSX2/pcsx2_patches/blob/main/patches/SLES-54975_278B7BEA.pnach
SLES_549.89	https://github.com/PCSX2/pcsx2_patches/blob/main/patches/SLES-54989_FD4FE026.pnach
SLES_549.97	https://github.com/PCSX2/pcsx2_patches/blob/main/patches/SLES-54997_A97B93F7.pnach
SLES_551.72	https://github.com/PCSX2/pcsx2_patches/blob/main/patches/SLES-55172_6AECA3DC.pnach
SLES_551.99	https://github.com/PCSX2/pcsx2_patches/blob/main/patches/SLES-55199_CB0AEC6F.pnach
SLES_552.05	https://github.com/PCSX2/pcsx2_patches/blob/main/patches/SLES-55205_0F89A154.pnach
SLES_552.06	https://github.com/PCSX2/pcsx2_patches/blob/main/patches/SLES-55206_0F89A154.pnach
SLES_556.39	https://github.com/PCSX2/pcsx2_patches/blob/main/patches/SLES-55639_F4299325.pnach
SLES_820.03	https://github.com/PCSX2/pcsx2_patches/blob/main/patches/SLES-82003_E7D4DC18.pnach
SLES_820.13	https://github.com/PCSX2/pcsx2_patches/blob/main/patches/SLES-82013_086273D2.pnach
SLES_820.13	https://github.com/PCSX2/pcsx2_patches/blob/main/patches/SLES-82013_98D4BC93.pnach
SLES_820.24	https://github.com/PCSX2/pcsx2_patches/blob/main/patches/SLES-82024_79ED26AD.pnach
SLKA_150.01	https://github.com/PCSX2/pcsx2_patches/blob/main/patches/SLKA-15001_2829E9E9.pnach
SLKA_150.06	https://github.com/PCSX2/pcsx2_patches/blob/main/patches/SLKA-15006_741A5EA2.pnach
SLKA_150.09	https://github.com/PCSX2/pcsx2_patches/blob/main/patches/SLKA-15009_B8605ABB.pnach
SLKA_150.15	https://github.com/PCSX2/pcsx2_patches/blob/main/patches/SLKA-15015_23D96D2B.pnach
SLKA_150.28	https://github.com/PCSX2/pcsx2_patches/blob/main/patches/SLKA-15028_BC808780.pnach
SLKA_150.30	https://github.com/PCSX2/pcsx2_patches/blob/main/patches/SLKA-15030_9AD6381D.pnach
SLKA_150.32	https://github.com/PCSX2/pcsx2_patches/blob/main/patches/SLKA-15032_01093275.pnach
SLKA_150.35	https://github.com/PCSX2/pcsx2_patches/blob/main/patches/SLKA-15035_8AA8BEA6.pnach
SLKA_150.41	https://github.com/PCSX2/pcsx2_patches/blob/main/patches/SLKA-15041_A745BF1E.pnach
SLKA_150.42	https://github.com/PCSX2/pcsx2_patches/blob/main/patches/SLKA-15042_BC0F422C.pnach
SLKA_150.45	https://github.com/PCSX2/pcsx2_patches/blob/main/patches/SLKA-15045_5204B254.pnach
SLKA_150.54	https://github.com/PCSX2/pcsx2_patches/blob/main/patches/SLKA-15054_F02B30E6.pnach
SLKA_150.58	https://github.com/PCSX2/pcsx2_patches/blob/main/patches/SLKA-15058_B5DB999E.pnach
SLKA_150.59	https://github.com/PCSX2/pcsx2_patches/blob/main/patches/SLKA-15059_5980BD69.pnach
SLKA_200.70	https://github.com/PCSX2/pcsx2_patches/blob/main/patches/SLKA-20070_2799A4E5.pnach
SLKA_250.03	https://github.com/PCSX2/pcsx2_patches/blob/main/patches/SLKA-25003_70BFFBBB.pnach
SLKA_250.07	https://github.com/PCSX2/pcsx2_patches/blob/main/patches/SLKA-25007_9872000C.pnach
SLKA_250.10	https://github.com/PCSX2/pcsx2_patches/blob/main/patches/SLKA-25010_04DD88DB.pnach
SLKA_250.10	https://github.com/PCSX2/pcsx2_patches/blob/main/patches/SLKA-25010_F9507A7C.pnach
SLKA_250.11	https://github.com/PCSX2/pcsx2_patches/blob/main/patches/SLKA-25011_637125B6.pnach
SLKA_250.20	https://github.com/PCSX2/pcsx2_patches/blob/main/patches/SLKA-25020_C01FD223.pnach
SLKA_250.27	https://github.com/PCSX2/pcsx2_patches/blob/main/patches/SLKA-25027_9C5D24FF.pnach
SLKA_250.28	https://github.com/PCSX2/pcsx2_patches/blob/main/patches/SLKA-25028_37FA69D8.pnach
SLKA_250.31	https://github.com/PCSX2/pcsx2_patches/blob/main/patches/SLKA-25031_9AB05FF8.pnach
SLKA_250.32	https://github.com/PCSX2/pcsx2_patches/blob/main/patches/SLKA-25032_E5BE5D27.pnach
SLKA_250.33	https://github.com/PCSX2/pcsx2_patches/blob/main/patches/SLKA-25033_DB0707F3.pnach
SLKA_250.34	https://github.com/PCSX2/pcsx2_patches/blob/main/patches/SLKA-25034_006C35A7.pnach
SLKA_250.35	https://github.com/PCSX2/pcsx2_patches/blob/main/patches/SLKA-25035_3F192139.pnach
SLKA_250.38	https://github.com/PCSX2/pcsx2_patches/blob/main/patches/SLKA-25038_A8D433AD.pnach
SLKA_250.42	https://github.com/PCSX2/pcsx2_patches/blob/main/patches/SLKA-25042_48397D33.pnach
SLKA_250.44	https://github.com/PCSX2/pcsx2_patches/blob/main/patches/SLKA-25044_7CE9B195.pnach
SLKA_250.47	https://github.com/PCSX2/pcsx2_patches/blob/main/patches/SLKA-25047_1B4EBBA4.pnach
SLKA_250.48	https://github.com/PCSX2/pcsx2_patches/blob/main/patches/SLKA-25048_AE97CE43.pnach
SLKA_250.55	https://github.com/PCSX2/pcsx2_patches/blob/main/patches/SLKA-25055_81D0BA2B.pnach
SLKA_250.56	https://github.com/PCSX2/pcsx2_patches/blob/main/patches/SLKA-25056_828024B7.pnach
SLKA_250.59	https://github.com/PCSX2/pcsx2_patches/blob/main/patches/SLKA-25059_3CA4D49.pnach
SLKA_250.62	https://github.com/PCSX2/pcsx2_patches/blob/main/patches/SLKA-25062_C2B6BDCC.pnach
SLKA_250.63	https://github.com/PCSX2/pcsx2_patches/blob/main/patches/SLKA-25063_E3795E39.pnach
SLKA_250.72	https://github.com/PCSX2/pcsx2_patches/blob/main/patches/SLKA-25072_91F5D064.pnach
SLKA_250.76	https://github.com/PCSX2/pcsx2_patches/blob/main/patches/SLKA-25076_84D1A8DA.pnach
SLKA_250.80	https://github.com/PCSX2/pcsx2_patches/blob/main/patches/SLKA-25080_E2A9676A.pnach
SLKA_250.82	https://github.com/PCSX2/pcsx2_patches/blob/main/patches/SLKA-25082_9A93FE5D.pnach
SLKA_250.91	https://github.com/PCSX2/pcsx2_patches/blob/main/patches/SLKA-25091_3750F7C7.pnach
SLKA_250.92	https://github.com/PCSX2/pcsx2_patches/blob/main/patches/SLKA-25092_316527D2.pnach
SLKA_250.98	https://github.com/PCSX2/pcsx2_patches/blob/main/patches/SLKA-25098_CB0E0788.pnach
SLKA_250.99	https://github.com/PCSX2/pcsx2_patches/blob/main/patches/SLKA-25099_C4FBEC7B.pnach
SLKA_251.02	https://github.com/PCSX2/pcsx2_patches/blob/main/patches/SLKA-25102_E600953D.pnach
SLKA_251.05	https://github.com/PCSX2/pcsx2_patches/blob/main/patches/SLKA-25105_EB328633.pnach
SLKA_251.07	https://github.com/PCSX2/pcsx2_patches/blob/main/patches/SLKA-25107_6178158D.pnach
SLKA_251.10	https://github.com/PCSX2/pcsx2_patches/blob/main/patches/SLKA-25110_0167915E.pnach
SLKA_251.21	https://github.com/PCSX2/pcsx2_patches/blob/main/patches/SLKA-25121_97A4995B.pnach
SLKA_251.26	https://github.com/PCSX2/pcsx2_patches/blob/main/patches/SLKA-25126_A72F7A17.pnach
SLKA_251.29	https://github.com/PCSX2/pcsx2_patches/blob/main/patches/SLKA-25129_4A5539CF.pnach
SLKA_251.31	https://github.com/PCSX2/pcsx2_patches/blob/main/patches/SLKA-25131_81B3598B.pnach
SLKA_251.37	https://github.com/PCSX2/pcsx2_patches/blob/main/patches/SLKA-25137_8D9CBC4B.pnach
SLKA_251.38	https://github.com/PCSX2/pcsx2_patches/blob/main/patches/SLKA-25138_B07FF0E6.pnach
SLKA_251.45	https://github.com/PCSX2/pcsx2_patches/blob/main/patches/SLKA-25145_783DE9A6.pnach
SLKA_251.46	https://github.com/PCSX2/pcsx2_patches/blob/main/patches/SLKA-25146_D285B3DF.pnach
SLKA_251.50	https://github.com/PCSX2/pcsx2_patches/blob/main/patches/SLKA-25150_66927E5B.pnach
SLKA_251.52	https://github.com/PCSX2/pcsx2_patches/blob/main/patches/SLKA-25152_66DADE18.pnach
SLKA_251.55	https://github.com/PCSX2/pcsx2_patches/blob/main/patches/SLKA-25155_B9545AD0.pnach
SLKA_251.56	https://github.com/PCSX2/pcsx2_patches/blob/main/patches/SLKA-25156_B7ADE017.pnach
SLKA_251.60	https://github.com/PCSX2/pcsx2_patches/blob/main/patches/SLKA-25160_D3FFC263.pnach
SLKA_251.66	https://github.com/PCSX2/pcsx2_patches/blob/main/patches/SLKA-25166_75326E04.pnach
SLKA_251.70	https://github.com/PCSX2/pcsx2_patches/blob/main/patches/SLKA-25170_819DDCF8.pnach
SLKA_251.74	https://github.com/PCSX2/pcsx2_patches/blob/main/patches/SLKA-25174_367B2A15.pnach
SLKA_251.80	https://github.com/PCSX2/pcsx2_patches/blob/main/patches/SLKA-25180_002C5D88.pnach
SLKA_251.98	https://github.com/PCSX2/pcsx2_patches/blob/main/patches/SLKA-25198_0D73BBCD.pnach
SLKA_251.99	https://github.com/PCSX2/pcsx2_patches/blob/main/patches/SLKA-25199_C45E77F4.pnach
SLKA_252.01	https://github.com/PCSX2/pcsx2_patches/blob/main/patches/SLKA-25201_1102F889.pnach
SLKA_252.02	https://github.com/PCSX2/pcsx2_patches/blob/main/patches/SLKA-25202_1102F889.pnach
SLKA_252.04	https://github.com/PCSX2/pcsx2_patches/blob/main/patches/SLKA-25204_36416C48.pnach
SLKA_252.08	https://github.com/PCSX2/pcsx2_patches/blob/main/patches/SLKA-25208_0326AE0E.pnach
SLKA_252.10	https://github.com/PCSX2/pcsx2_patches/blob/main/patches/SLKA-25210_7A7E708C.pnach
SLKA_252.11	https://github.com/PCSX2/pcsx2_patches/blob/main/patches/SLKA-25211_589A6B75.pnach
SLKA_252.13	https://github.com/PCSX2/pcsx2_patches/blob/main/patches/SLKA-25213_DF3FEFA9.pnach
SLKA_252.18	https://github.com/PCSX2/pcsx2_patches/blob/main/patches/SLKA-25218_A7B09415.pnach
SLKA_252.19	https://github.com/PCSX2/pcsx2_patches/blob/main/patches/SLKA-25219_93421C9E.pnach
SLKA_252.25	https://github.com/PCSX2/pcsx2_patches/blob/main/patches/SLKA-25225_FDA2F2DF.pnach
SLKA_252.26	https://github.com/PCSX2/pcsx2_patches/blob/main/patches/SLKA-25226_B24520AD.pnach
SLKA_252.30	https://github.com/PCSX2/pcsx2_patches/blob/main/patches/SLKA-25230_FD3969E1.pnach
SLKA_252.32	https://github.com/PCSX2/pcsx2_patches/blob/main/patches/SLKA-25232_4DF3A440.pnach
SLKA_252.34	https://github.com/PCSX2/pcsx2_patches/blob/main/patches/SLKA-25234_6435675C.pnach
SLKA_252.43	https://github.com/PCSX2/pcsx2_patches/blob/main/patches/SLKA-25243_BB70F989.pnach
SLKA_252.46	https://github.com/PCSX2/pcsx2_patches/blob/main/patches/SLKA-25246_35DEA711.pnach
SLKA_252.51	https://github.com/PCSX2/pcsx2_patches/blob/main/patches/SLKA-25251_C69ACB6F.pnach
SLKA_252.52	https://github.com/PCSX2/pcsx2_patches/blob/main/patches/SLKA-25252_22425C19.pnach
SLKA_252.54	https://github.com/PCSX2/pcsx2_patches/blob/main/patches/SLKA-25254_115A184D.pnach
SLKA_252.55	https://github.com/PCSX2/pcsx2_patches/blob/main/patches/SLKA-25255_1453B44C.pnach
SLKA_252.57	https://github.com/PCSX2/pcsx2_patches/blob/main/patches/SLKA-25257_48793741.pnach
SLKA_252.58	https://github.com/PCSX2/pcsx2_patches/blob/main/patches/SLKA-25258_F1E2D375.pnach
SLKA_252.64	https://github.com/PCSX2/pcsx2_patches/blob/main/patches/SLKA-25264_94A0C34F.pnach
SLKA_252.68	https://github.com/PCSX2/pcsx2_patches/blob/main/patches/SLKA-25268_6325DDDD.pnach
SLKA_252.72	https://github.com/PCSX2/pcsx2_patches/blob/main/patches/SLKA-25272_1C713A5C.pnach
SLKA_252.77	https://github.com/PCSX2/pcsx2_patches/blob/main/patches/SLKA-25277_03E58308.pnach
SLKA_252.79	https://github.com/PCSX2/pcsx2_patches/blob/main/patches/SLKA-25279_C139D620.pnach
SLKA_252.82	https://github.com/PCSX2/pcsx2_patches/blob/main/patches/SLKA-25282_B31E8440.pnach
SLKA_252.91	https://github.com/PCSX2/pcsx2_patches/blob/main/patches/SLKA-25291_BD11A6EE.pnach
SLKA_252.96	https://github.com/PCSX2/pcsx2_patches/blob/main/patches/SLKA-25296_2B8BBCBB.pnach
SLKA_252.99	https://github.com/PCSX2/pcsx2_patches/blob/main/patches/SLKA-25299_CA2073B3.pnach
SLKA_253.07	https://github.com/PCSX2/pcsx2_patches/blob/main/patches/SLKA-25307_9669948F.pnach
SLKA_253.13	https://github.com/PCSX2/pcsx2_patches/blob/main/patches/SLKA-25313_9CD1A85C.pnach
SLKA_253.16	https://github.com/PCSX2/pcsx2_patches/blob/main/patches/SLKA-25316_55764AFD.pnach
SLKA_253.28	https://github.com/PCSX2/pcsx2_patches/blob/main/patches/SLKA-25328_950876FA.pnach
SLKA_253.30	https://github.com/PCSX2/pcsx2_patches/blob/main/patches/SLKA-25330_A1F79484.pnach
SLKA_253.37	https://github.com/PCSX2/pcsx2_patches/blob/main/patches/SLKA-25337_EA9B3268.pnach
SLKA_253.43	https://github.com/PCSX2/pcsx2_patches/blob/main/patches/SLKA-25343_E8BF0F97.pnach
SLKA_253.45	https://github.com/PCSX2/pcsx2_patches/blob/main/patches/SLKA-25345_EF8BBFE6.pnach
SLKA_253.46	https://github.com/PCSX2/pcsx2_patches/blob/main/patches/SLKA-25346_A1CBBE50.pnach
SLKA_253.49	https://github.com/PCSX2/pcsx2_patches/blob/main/patches/SLKA-25349_865109E4.pnach
SLKA_253.51	https://github.com/PCSX2/pcsx2_patches/blob/main/patches/SLKA-25351_9CF2D6C3.pnach
SLKA_253.53	https://github.com/PCSX2/pcsx2_patches/blob/main/patches/SLKA-25353_B0D195EF.pnach
SLKA_253.54	https://github.com/PCSX2/pcsx2_patches/blob/main/patches/SLKA-25354_3EBABC9C.pnach
SLKA_253.58	https://github.com/PCSX2/pcsx2_patches/blob/main/patches/SLKA-25358_92037CC4.pnach
SLKA_253.60	https://github.com/PCSX2/pcsx2_patches/blob/main/patches/SLKA-25360_3894622B.pnach
SLKA_253.62	https://github.com/PCSX2/pcsx2_patches/blob/main/patches/SLKA-25362_C8B06625.pnach
SLKA_253.64	https://github.com/PCSX2/pcsx2_patches/blob/main/patches/SLKA-25364_74694096.pnach
SLKA_253.65	https://github.com/PCSX2/pcsx2_patches/blob/main/patches/SLKA-25365_9D8201FB.pnach
SLKA_253.66	https://github.com/PCSX2/pcsx2_patches/blob/main/patches/SLKA-25366_E94C9A02.pnach
SLKA_253.68	https://github.com/PCSX2/pcsx2_patches/blob/main/patches/SLKA-25368_9554A03C.pnach
SLKA_253.72	https://github.com/PCSX2/pcsx2_patches/blob/main/patches/SLKA-25372_688E77CC.pnach
SLKA_253.79	https://github.com/PCSX2/pcsx2_patches/blob/main/patches/SLKA-25379_C6C71A64.pnach
SLKA_253.80	https://github.com/PCSX2/pcsx2_patches/blob/main/patches/SLKA-25380_DA8488A4.pnach
SLKA_253.84	https://github.com/PCSX2/pcsx2_patches/blob/main/patches/SLKA-25384_A49563FA.pnach
SLKA_253.88	https://github.com/PCSX2/pcsx2_patches/blob/main/patches/SLKA-25388_E446C9F9.pnach
SLKA_253.90	https://github.com/PCSX2/pcsx2_patches/blob/main/patches/SLKA-25390_4A7E3B36.pnach
SLKA_253.94	https://github.com/PCSX2/pcsx2_patches/blob/main/patches/SLKA-25394_13A41CA1.pnach
SLKA_253.95	https://github.com/PCSX2/pcsx2_patches/blob/main/patches/SLKA-25395_600A44DC.pnach
SLKA_253.97	https://github.com/PCSX2/pcsx2_patches/blob/main/patches/SLKA-25397_E29C09A3.pnach
SLKA_253.99	https://github.com/PCSX2/pcsx2_patches/blob/main/patches/SLKA-25399_B47431E3.pnach
SLKA_254.01	https://github.com/PCSX2/pcsx2_patches/blob/main/patches/SLKA-25401_56A593F3.pnach
SLKA_254.07	https://github.com/PCSX2/pcsx2_patches/blob/main/patches/SLKA-25407_9B0E119F.pnach
SLKA_254.18	https://github.com/PCSX2/pcsx2_patches/blob/main/patches/SLKA-25418_02A1CB4D.pnach
SLKA_254.43	https://github.com/PCSX2/pcsx2_patches/blob/main/patches/SLKA-25443_009E5458.pnach
SLKA_254.63	https://github.com/PCSX2/pcsx2_patches/blob/main/patches/SLKA-25463_A101C8D5.pnach
SLKA_254.77	https://github.com/PCSX2/pcsx2_patches/blob/main/patches/SLKA-25477_49EB0A85.pnach
SLKA_645.40	https://github.com/PCSX2/pcsx2_patches/blob/main/patches/SLKA-64540_900D62AA.pnach
SLPM_203.91	https://github.com/PCSX2/pcsx2_patches/blob/main/patches/SLPM-20391_D13EAC09.pnach
SLPM_204.36	https://github.com/PCSX2/pcsx2_patches/blob/main/patches/SLPM-20436_4FF4AA01.pnach
SLPM_254.01	https://github.com/PCSX2/pcsx2_patches/blob/main/patches/SLPM-25401_EB925207.pnach
SLPM_620.15	https://github.com/PCSX2/pcsx2_patches/blob/main/patches/SLPM-62015_14F1013C.pnach
SLPM_620.46	https://github.com/PCSX2/pcsx2_patches/blob/main/patches/SLPM-62046_D9FB2413.pnach
SLPM_620.66	https://github.com/PCSX2/pcsx2_patches/blob/main/patches/SLPM-62066_FA38CA6F.pnach
SLPM_620.81	https://github.com/PCSX2/pcsx2_patches/blob/main/patches/SLPM-62081_59C8E0B8.pnach
SLPM_620.97	https://github.com/PCSX2/pcsx2_patches/blob/main/patches/SLPM-62097_D5E8F99A.pnach
SLPM_622.45	https://github.com/PCSX2/pcsx2_patches/blob/main/patches/SLPM-62245_52F1ACCB.pnach
SLPM_622.46	https://github.com/PCSX2/pcsx2_patches/blob/main/patches/SLPM-62246_69684336.pnach
SLPM_622.51	https://github.com/PCSX2/pcsx2_patches/blob/main/patches/SLPM-62251_B23A2A98.pnach
SLPM_623.41	https://github.com/PCSX2/pcsx2_patches/blob/main/patches/SLPM-62341_C53DB321.pnach
SLPM_624.70	https://github.com/PCSX2/pcsx2_patches/blob/main/patches/SLPM-62470_EF475537.pnach
SLPM_627.24	https://github.com/PCSX2/pcsx2_patches/blob/main/patches/SLPM-62724_47C29CE9.pnach
SLPM_645.02	https://github.com/PCSX2/pcsx2_patches/blob/main/patches/SLPM-64502_7908730E.pnach
SLPM_645.10	https://github.com/PCSX2/pcsx2_patches/blob/main/patches/SLPM-64510_0F7CD26F.pnach
SLPM_645.14	https://github.com/PCSX2/pcsx2_patches/blob/main/patches/SLPM-64514_55AB5FA6.pnach
SLPM_645.17	https://github.com/PCSX2/pcsx2_patches/blob/main/patches/SLPM-64517_C1D359F2.pnach
SLPM_645.22	https://github.com/PCSX2/pcsx2_patches/blob/main/patches/SLPM-64522_915C2552.pnach
SLPM_645.24	https://github.com/PCSX2/pcsx2_patches/blob/main/patches/SLPM-64524_F84FE9DE.pnach
SLPM_645.37	https://github.com/PCSX2/pcsx2_patches/blob/main/patches/SLPM-64537_D8BE3E6E.pnach
SLPM_645.39	https://github.com/PCSX2/pcsx2_patches/blob/main/patches/SLPM-64539_B92C34BE.pnach
SLPM_645.51	https://github.com/PCSX2/pcsx2_patches/blob/main/patches/SLPM-64551_C1497C84.pnach
SLPM_645.52	https://github.com/PCSX2/pcsx2_patches/blob/main/patches/SLPM-64552_411004D2.pnach
SLPM_650.05	https://github.com/PCSX2/pcsx2_patches/blob/main/patches/SLPM-65005_E37B178F.pnach
SLPM_650.54	https://github.com/PCSX2/pcsx2_patches/blob/main/patches/SLPM-65054_59AB0A06.pnach
SLPM_650.56	https://github.com/PCSX2/pcsx2_patches/blob/main/patches/SLPM-65056_40A831BF.pnach
SLPM_651.41	https://github.com/PCSX2/pcsx2_patches/blob/main/patches/SLPM-65141_5A930A4A.pnach
SLPM_651.74	https://github.com/PCSX2/pcsx2_patches/blob/main/patches/SLPM-65174_60672369.pnach
SLPM_652.00	https://github.com/PCSX2/pcsx2_patches/blob/main/patches/SLPM-65200_61039F8D.pnach
SLPM_652.17	https://github.com/PCSX2/pcsx2_patches/blob/main/patches/SLPM-65217_23D75731.pnach
SLPM_652.29	https://github.com/PCSX2/pcsx2_patches/blob/main/patches/SLPM-65229_7A26E1BB.pnach
SLPM_653.38	https://github.com/PCSX2/pcsx2_patches/blob/main/patches/SLPM-65338_D0FDDA59.pnach
SLPM_653.79	https://github.com/PCSX2/pcsx2_patches/blob/main/patches/SLPM-65379_B7E155F3.pnach
SLPM_653.80	https://github.com/PCSX2/pcsx2_patches/blob/main/patches/SLPM-65380_8E79F84B.pnach
SLPM_654.50	https://github.com/PCSX2/pcsx2_patches/blob/main/patches/SLPM-65450_970FEAB8.pnach
SLPM_654.77	https://github.com/PCSX2/pcsx2_patches/blob/main/patches/SLPM-65477_94C80119.pnach
SLPM_655.01	https://github.com/PCSX2/pcsx2_patches/blob/main/patches/SLPM-65501_661BDA62.pnach
SLPM_655.71	https://github.com/PCSX2/pcsx2_patches/blob/main/patches/SLPM-65571_E2E6AD46.pnach
SLPM_655.96	https://github.com/PCSX2/pcsx2_patches/blob/main/patches/SLPM-65596_ACBB45C3.pnach
SLPM_656.12	https://github.com/PCSX2/pcsx2_patches/blob/main/patches/SLPM-65612_A8901AD6.pnach
SLPM_656.55	https://github.com/PCSX2/pcsx2_patches/blob/main/patches/SLPM-65655_334BBC45.pnach
SLPM_656.99	https://github.com/PCSX2/pcsx2_patches/blob/main/patches/SLPM-65699_61DB93AB.pnach
SLPM_656.99	https://github.com/PCSX2/pcsx2_patches/blob/main/patches/SLPM-65699_634947D7.pnach
SLPM_657.90	https://github.com/PCSX2/pcsx2_patches/blob/main/patches/SLPM-65790_0481AD8A.pnach
SLPM_658.01	https://github.com/PCSX2/pcsx2_patches/blob/main/patches/SLPM-65801_0CA02D02.pnach
SLPM_658.05	https://github.com/PCSX2/pcsx2_patches/blob/main/patches/SLPM-65805_98CD9ACA.pnach
SLPM_658.72	https://github.com/PCSX2/pcsx2_patches/blob/main/patches/SLPM-65872_A9B076A1.pnach
SLPM_659.47	https://github.com/PCSX2/pcsx2_patches/blob/main/patches/SLPM-65947_F03336E3.pnach
SLPM_659.59	https://github.com/PCSX2/pcsx2_patches/blob/main/patches/SLPM-65959_5D41A6AD.pnach
SLPM_659.85	https://github.com/PCSX2/pcsx2_patches/blob/main/patches/SLPM-65985_F4D474EB.pnach
SLPM_660.90	https://github.com/PCSX2/pcsx2_patches/blob/main/patches/SLPM-66090_1E65175B.pnach
SLPM_661.59	https://github.com/PCSX2/pcsx2_patches/blob/main/patches/SLPM-66159_58BF0E90.pnach
SLPM_662.21	https://github.com/PCSX2/pcsx2_patches/blob/main/patches/SLPM-66221_3406B985.pnach
SLPM_662.56	https://github.com/PCSX2/pcsx2_patches/blob/main/patches/SLPM-66256_47C35A50.pnach
SLPM_662.91	https://github.com/PCSX2/pcsx2_patches/blob/main/patches/SLPM-66291_49D66AEF.pnach
SLPM_663.22	https://github.com/PCSX2/pcsx2_patches/blob/main/patches/SLPM-66322_DDC02A89.pnach
SLPM_664.03	https://github.com/PCSX2/pcsx2_patches/blob/main/patches/SLPM-66403_3D2ADD93.pnach
SLPM_664.36	https://github.com/PCSX2/pcsx2_patches/blob/main/patches/SLPM-66436_CA295E61.pnach
SLPM_664.77	https://github.com/PCSX2/pcsx2_patches/blob/main/patches/SLPM-66477_F4EF4B57.pnach
SLPM_666.22	https://github.com/PCSX2/pcsx2_patches/blob/main/patches/SLPM-66622_86BC3040.pnach
SLPM_666.72	https://github.com/PCSX2/pcsx2_patches/blob/main/patches/SLPM-66672_83162EAD.pnach
SLPM_666.94	https://github.com/PCSX2/pcsx2_patches/blob/main/patches/SLPM-66694_1A7A27E6.pnach
SLPM_666.98	https://github.com/PCSX2/pcsx2_patches/blob/main/patches/SLPM-66698_F694D3D9.pnach
SLPM_667.12	https://github.com/PCSX2/pcsx2_patches/blob/main/patches/SLPM-66712_0B8AB37B.pnach
SLPM_669.02	https://github.com/PCSX2/pcsx2_patches/blob/main/patches/SLPM-66902_38D6ED88.pnach
SLPM_675.06	https://github.com/PCSX2/pcsx2_patches/blob/main/patches/SLPM-67506_44510A2D.pnach
SLPM_675.16	https://github.com/PCSX2/pcsx2_patches/blob/main/patches/SLPM-67516_1B7FF35A.pnach
SLPM_675.18	https://github.com/PCSX2/pcsx2_patches/blob/main/patches/SLPM-67518_106A1E75.pnach
SLPM_675.20	https://github.com/PCSX2/pcsx2_patches/blob/main/patches/SLPM-67520_8CF4E374.pnach
SLPM_675.22	https://github.com/PCSX2/pcsx2_patches/blob/main/patches/SLPM-67522_E4672E95.pnach
SLPM_675.28	https://github.com/PCSX2/pcsx2_patches/blob/main/patches/SLPM-67528_7E33C663.pnach
SLPM_675.30	https://github.com/PCSX2/pcsx2_patches/blob/main/patches/SLPM-67530_0B5371C9.pnach
SLPM_675.31	https://github.com/PCSX2/pcsx2_patches/blob/main/patches/SLPM-67531_46CFF455.pnach
SLPM_675.33	https://github.com/PCSX2/pcsx2_patches/blob/main/patches/SLPM-67533_E511E11E.pnach
SLPM_675.40	https://github.com/PCSX2/pcsx2_patches/blob/main/patches/SLPM-67540_C4F0E5CC.pnach
SLPM_675.43	https://github.com/PCSX2/pcsx2_patches/blob/main/patches/SLPM-67543_F4D84B68.pnach
SLPM_680.08	https://github.com/PCSX2/pcsx2_patches/blob/main/patches/SLPM-68008_B5FEAE85.pnach
SLPM_741.01	https://github.com/PCSX2/pcsx2_patches/blob/main/patches/SLPM-74101_DC2E5A76.pnach
SLPM_742.09	https://github.com/PCSX2/pcsx2_patches/blob/main/patches/SLPM-74209_95264B6F.pnach
SLPM_742.77	https://github.com/PCSX2/pcsx2_patches/blob/main/patches/SLPM-74277_232C7D72.pnach
SLPM_744.05	https://github.com/PCSX2/pcsx2_patches/blob/main/patches/SLPM-74405_1C9C08BA.pnach
SLPM_744.19	https://github.com/PCSX2/pcsx2_patches/blob/main/patches/SLPM-74419_8362ED29.pnach
SLPS_200.58	https://github.com/PCSX2/pcsx2_patches/blob/main/patches/SLPS-20058_2CB87FF1.pnach
SLPS_200.67	https://github.com/PCSX2/pcsx2_patches/blob/main/patches/SLPS-20067_739EB266.pnach
SLPS_201.30	https://github.com/PCSX2/pcsx2_patches/blob/main/patches/SLPS-20130_F820AA03.pnach
SLPS_201.35	https://github.com/PCSX2/pcsx2_patches/blob/main/patches/SLPS-20135_BD27FC43.pnach
SLPS_201.73	https://github.com/PCSX2/pcsx2_patches/blob/main/patches/SLPS-20173_EC15F3BD.pnach
SLPS_202.05	https://github.com/PCSX2/pcsx2_patches/blob/main/patches/SLPS-20205_F3717E4C.pnach
SLPS_202.14	https://github.com/PCSX2/pcsx2_patches/blob/main/patches/SLPS-20214_F7D86DD0.pnach
SLPS_204.99	https://github.com/PCSX2/pcsx2_patches/blob/main/patches/SLPS-20499_AA75FE6A.pnach
SLPS_250.13	https://github.com/PCSX2/pcsx2_patches/blob/main/patches/SLPS-25013_1DE78E93.pnach
SLPS_250.42	https://github.com/PCSX2/pcsx2_patches/blob/main/patches/SLPS-25042_F7CD277C.pnach
SLPS_250.60	https://github.com/PCSX2/pcsx2_patches/blob/main/patches/SLPS-25060_41C1D2B2.pnach
SLPS_250.94	https://github.com/PCSX2/pcsx2_patches/blob/main/patches/SLPS-25094_DFC8C288.pnach
SLPS_250.96	https://github.com/PCSX2/pcsx2_patches/blob/main/patches/SLPS-25096_E8E54032.pnach
SLPS_251.05	https://github.com/PCSX2/pcsx2_patches/blob/main/patches/SLPS-25105_DB557147.pnach
SLPS_252.65	https://github.com/PCSX2/pcsx2_patches/blob/main/patches/SLPS-25265_4C927A09.pnach
SLPS_252.72	https://github.com/PCSX2/pcsx2_patches/blob/main/patches/SLPS-25272_B33016F7.pnach
SLPS_252.79	https://github.com/PCSX2/pcsx2_patches/blob/main/patches/SLPS-25279_93476F02.pnach
SLPS_252.99	https://github.com/PCSX2/pcsx2_patches/blob/main/patches/SLPS-25299_4D5B1DB3.pnach
SLPS_253.02	https://github.com/PCSX2/pcsx2_patches/blob/main/patches/SLPS-25302_B2F0A8D2.pnach
SLPS_253.58	https://github.com/PCSX2/pcsx2_patches/blob/main/patches/SLPS-25358_AB9E3E64.pnach
SLPS_254.62	https://github.com/PCSX2/pcsx2_patches/blob/main/patches/SLPS-25462_FEBE1992.pnach
SLPS_254.70	https://github.com/PCSX2/pcsx2_patches/blob/main/patches/SLPS-25470_9DA64F02.pnach
SLPS_254.76	https://github.com/PCSX2/pcsx2_patches/blob/main/patches/SLPS-25476_7970F63C.pnach
SLPS_254.78	https://github.com/PCSX2/pcsx2_patches/blob/main/patches/SLPS-25478_8AD46A5B.pnach
SLPS_255.51	https://github.com/PCSX2/pcsx2_patches/blob/main/patches/SLPS-25551_C162A768.pnach
SLPS_255.77	https://github.com/PCSX2/pcsx2_patches/blob/main/patches/SLPS-25577_CFC64C8D.pnach
SLPS_258.81	https://github.com/PCSX2/pcsx2_patches/blob/main/patches/SLPS-25881_D5FDEBDC.pnach
SLPS_275.65	https://github.com/PCSX2/pcsx2_patches/blob/main/patches/SLPS-27565_645495B7.pnach
SLPS_560.16	https://github.com/PCSX2/pcsx2_patches/blob/main/patches/SLPS-56016_3C00FB1B.pnach
SLPS_654.59	https://github.com/PCSX2/pcsx2_patches/blob/main/patches/SLPS-65459_1384338F.pnach
SLPS_670.14	https://github.com/PCSX2/pcsx2_patches/blob/main/patches/SLPS-67014_6DEAEFEA.pnach
SLPS_731.03	https://github.com/PCSX2/pcsx2_patches/blob/main/patches/SLPS-73103_D00037C4.pnach
SLPS_732.08	https://github.com/PCSX2/pcsx2_patches/blob/main/patches/SLPS-73208_10B25938.pnach
SLPS_732.15	https://github.com/PCSX2/pcsx2_patches/blob/main/patches/SLPS-73215_F7671511.pnach
SLUS_200.41	https://github.com/PCSX2/pcsx2_patches/blob/main/patches/SLUS-20041_B2A5B6F2.pnach
SLUS_201.03	https://github.com/PCSX2/pcsx2_patches/blob/main/patches/SLUS-20103_E138094A.pnach
SLUS_201.28	https://github.com/PCSX2/pcsx2_patches/blob/main/patches/SLUS-20128_E3BC4CEE.pnach
SLUS_201.40	https://github.com/PCSX2/pcsx2_patches/blob/main/patches/SLUS-20140_B0B73F49.pnach
SLUS_201.40	https://github.com/PCSX2/pcsx2_patches/blob/main/patches/SLUS-20140_E2CC1613.pnach
SLUS_201.83	https://github.com/PCSX2/pcsx2_patches/blob/main/patches/SLUS-20183_031DA682.pnach
SLUS_202.18	https://github.com/PCSX2/pcsx2_patches/blob/main/patches/SLUS-20218_D5B1137C.pnach
SLUS_202.36	https://github.com/PCSX2/pcsx2_patches/blob/main/patches/SLUS-20236_689339AC.pnach
SLUS_202.62	https://github.com/PCSX2/pcsx2_patches/blob/main/patches/SLUS-20262_3E29A8FD.pnach
SLUS_203.41	https://github.com/PCSX2/pcsx2_patches/blob/main/patches/SLUS-20341_6D7F918D.pnach
SLUS_203.80	https://github.com/PCSX2/pcsx2_patches/blob/main/patches/SLUS-20380_A99B8FE7.pnach
SLUS_203.95	https://github.com/PCSX2/pcsx2_patches/blob/main/patches/SLUS-20395_A05A58EB.pnach
SLUS_204.80	https://github.com/PCSX2/pcsx2_patches/blob/main/patches/SLUS-20480_71B142EC.pnach
SLUS_209.15	https://github.com/PCSX2/pcsx2_patches/blob/main/patches/SLUS-20915_AA31B5BF.pnach
SLUS_219.17	https://github.com/PCSX2/pcsx2_patches/blob/main/patches/SLUS-21917_CF2C33AB.pnach
